{"cameraMode":{"drawMode":0,"name":"Shaded","section":"Shading Mode"},"sceneLighting":true,"audioPlay":false,"sceneViewState":{"m_AlwaysRefresh":false,"showFog":true,"showSkybox":true,"showFlares":true,"showImageEffects":true,"showParticleSystems":true,"showVisualEffectGraphs":true,"m_FxEnabled":true},"in2DMode":false,"pivot":{"x":21.80000114440918,"y":0.7767866849899292,"z":0.01550149917602539},"rotation":{"x":0.20445480942726136,"y":0.3917838931083679,"z":-0.08958525955677033,"w":0.8931211829185486},"size":1.1087431907653809,"orthographic":false}